timestamp_utc,machine_id,equipment_state
2026-02-02T14:00:00Z,DEMO-WS-01,PROCESSING
2026-02-02T14:00:01Z,DEMO-WS-01,PROCESSING
2026-02-02T14:00:02Z,DEMO-WS-01,PROCESSING
2026-02-02T14:00:03Z,DEMO-WS-01,PROCESSING
2026-02-02T14:00:04Z,DEMO-WS-01,PROCESSING
2026-02-02T14:00:05Z,DEMO-WS-01,PROCESSING
2026-02-02T14:00:06Z,DEMO-WS-01,PROCESSING
2026-02-02T14:00:07Z,DEMO-WS-01,PROCESSING
2026-02-02T14:00:08Z,DEMO-WS-01,PROCESSING
2026-02-02T14:00:09Z,DEMO-WS-01,PROCESSING
2026-02-02T14:00:10Z,DEMO-WS-01,PROCESSING
2026-02-02T14:00:11Z,DEMO-WS-01,PROCESSING
2026-02-02T14:00:12Z,DEMO-WS-01,PROCESSING
2026-02-02T14:00:13Z,DEMO-WS-01,PROCESSING
2026-02-02T14:00:14Z,DEMO-WS-01,PROCESSING
2026-02-02T14:00:15Z,DEMO-WS-01,PROCESSING
2026-02-02T14:00:16Z,DEMO-WS-01,PROCESSING
2026-02-02T14:00:17Z,DEMO-WS-01,PROCESSING
2026-02-02T14:00:18Z,DEMO-WS-01,PROCESSING
2026-02-02T14:00:19Z,DEMO-WS-01,PROCESSING
2026-02-02T14:00:20Z,DEMO-WS-01,PROCESSING
2026-02-02T14:00:21Z,DEMO-WS-01,PROCESSING
2026-02-02T14:00:22Z,DEMO-WS-01,PROCESSING
2026-02-02T14:00:23Z,DEMO-WS-01,PROCESSING
2026-02-02T14:00:24Z,DEMO-WS-01,PROCESSING
2026-02-02T14:00:25Z,DEMO-WS-01,PROCESSING
2026-02-02T14:00:26Z,DEMO-WS-01,PROCESSING
2026-02-02T14:00:27Z,DEMO-WS-01,PROCESSING
2026-02-02T14:00:28Z,DEMO-WS-01,PROCESSING
2026-02-02T14:00:29Z,DEMO-WS-01,PROCESSING
2026-02-02T14:00:30Z,DEMO-WS-01,PROCESSING
2026-02-02T14:00:31Z,DEMO-WS-01,PROCESSING
2026-02-02T14:00:32Z,DEMO-WS-01,PROCESSING
2026-02-02T14:00:33Z,DEMO-WS-01,PROCESSING
2026-02-02T14:00:34Z,DEMO-WS-01,PROCESSING
2026-02-02T14:00:35Z,DEMO-WS-01,PROCESSING
2026-02-02T14:00:36Z,DEMO-WS-01,PROCESSING
2026-02-02T14:00:37Z,DEMO-WS-01,PROCESSING
2026-02-02T14:00:38Z,DEMO-WS-01,PROCESSING
2026-02-02T14:00:39Z,DEMO-WS-01,PROCESSING
2026-02-02T14:00:40Z,DEMO-WS-01,PROCESSING
2026-02-02T14:00:41Z,DEMO-WS-01,PROCESSING
2026-02-02T14:00:42Z,DEMO-WS-01,PROCESSING
2026-02-02T14:00:43Z,DEMO-WS-01,PROCESSING
2026-02-02T14:00:44Z,DEMO-WS-01,PROCESSING
2026-02-02T14:00:45Z,DEMO-WS-01,PROCESSING
2026-02-02T14:00:46Z,DEMO-WS-01,PROCESSING
2026-02-02T14:00:47Z,DEMO-WS-01,PROCESSING
2026-02-02T14:00:48Z,DEMO-WS-01,PROCESSING
2026-02-02T14:00:49Z,DEMO-WS-01,PROCESSING
2026-02-02T14:00:50Z,DEMO-WS-01,PROCESSING
2026-02-02T14:00:51Z,DEMO-WS-01,PROCESSING
2026-02-02T14:00:52Z,DEMO-WS-01,PROCESSING
2026-02-02T14:00:53Z,DEMO-WS-01,PROCESSING
2026-02-02T14:00:54Z,DEMO-WS-01,PROCESSING
2026-02-02T14:00:55Z,DEMO-WS-01,PROCESSING
2026-02-02T14:00:56Z,DEMO-WS-01,PROCESSING
2026-02-02T14:00:57Z,DEMO-WS-01,PROCESSING
2026-02-02T14:00:58Z,DEMO-WS-01,PROCESSING
2026-02-02T14:00:59Z,DEMO-WS-01,PROCESSING
2026-02-02T14:01:00Z,DEMO-WS-01,PROCESSING
2026-02-02T14:01:01Z,DEMO-WS-01,PROCESSING
2026-02-02T14:01:02Z,DEMO-WS-01,PROCESSING
2026-02-02T14:01:03Z,DEMO-WS-01,PROCESSING
2026-02-02T14:01:04Z,DEMO-WS-01,PROCESSING
2026-02-02T14:01:05Z,DEMO-WS-01,PROCESSING
2026-02-02T14:01:06Z,DEMO-WS-01,PROCESSING
2026-02-02T14:01:07Z,DEMO-WS-01,PROCESSING
2026-02-02T14:01:08Z,DEMO-WS-01,PROCESSING
2026-02-02T14:01:09Z,DEMO-WS-01,PROCESSING
2026-02-02T14:01:10Z,DEMO-WS-01,PROCESSING
2026-02-02T14:01:11Z,DEMO-WS-01,PROCESSING
2026-02-02T14:01:12Z,DEMO-WS-01,PROCESSING
2026-02-02T14:01:13Z,DEMO-WS-01,PROCESSING
2026-02-02T14:01:14Z,DEMO-WS-01,PROCESSING
2026-02-02T14:01:15Z,DEMO-WS-01,PROCESSING
2026-02-02T14:01:16Z,DEMO-WS-01,PROCESSING
2026-02-02T14:01:17Z,DEMO-WS-01,PROCESSING
2026-02-02T14:01:18Z,DEMO-WS-01,PROCESSING
2026-02-02T14:01:19Z,DEMO-WS-01,PROCESSING
2026-02-02T14:01:20Z,DEMO-WS-01,PROCESSING
2026-02-02T14:01:21Z,DEMO-WS-01,PROCESSING
2026-02-02T14:01:22Z,DEMO-WS-01,PROCESSING
2026-02-02T14:01:23Z,DEMO-WS-01,PROCESSING
2026-02-02T14:01:24Z,DEMO-WS-01,PROCESSING
2026-02-02T14:01:25Z,DEMO-WS-01,PROCESSING
2026-02-02T14:01:26Z,DEMO-WS-01,PROCESSING
2026-02-02T14:01:27Z,DEMO-WS-01,PROCESSING
2026-02-02T14:01:28Z,DEMO-WS-01,PROCESSING
2026-02-02T14:01:29Z,DEMO-WS-01,PROCESSING
2026-02-02T14:01:30Z,DEMO-WS-01,PROCESSING
2026-02-02T14:01:31Z,DEMO-WS-01,PROCESSING
2026-02-02T14:01:32Z,DEMO-WS-01,PROCESSING
2026-02-02T14:01:33Z,DEMO-WS-01,PROCESSING
2026-02-02T14:01:34Z,DEMO-WS-01,PROCESSING
2026-02-02T14:01:35Z,DEMO-WS-01,PROCESSING
2026-02-02T14:01:36Z,DEMO-WS-01,PROCESSING
2026-02-02T14:01:37Z,DEMO-WS-01,PROCESSING
2026-02-02T14:01:38Z,DEMO-WS-01,PROCESSING
2026-02-02T14:01:39Z,DEMO-WS-01,PROCESSING
2026-02-02T14:01:40Z,DEMO-WS-01,PROCESSING
2026-02-02T14:01:41Z,DEMO-WS-01,PROCESSING
2026-02-02T14:01:42Z,DEMO-WS-01,PROCESSING
2026-02-02T14:01:43Z,DEMO-WS-01,PROCESSING
2026-02-02T14:01:44Z,DEMO-WS-01,PROCESSING
2026-02-02T14:01:45Z,DEMO-WS-01,PROCESSING
2026-02-02T14:01:46Z,DEMO-WS-01,PROCESSING
2026-02-02T14:01:47Z,DEMO-WS-01,PROCESSING
2026-02-02T14:01:48Z,DEMO-WS-01,PROCESSING
2026-02-02T14:01:49Z,DEMO-WS-01,PROCESSING
2026-02-02T14:01:50Z,DEMO-WS-01,PROCESSING
2026-02-02T14:01:51Z,DEMO-WS-01,PROCESSING
2026-02-02T14:01:52Z,DEMO-WS-01,PROCESSING
2026-02-02T14:01:53Z,DEMO-WS-01,PROCESSING
2026-02-02T14:01:54Z,DEMO-WS-01,PROCESSING
2026-02-02T14:01:55Z,DEMO-WS-01,PROCESSING
2026-02-02T14:01:56Z,DEMO-WS-01,PROCESSING
2026-02-02T14:01:57Z,DEMO-WS-01,PROCESSING
2026-02-02T14:01:58Z,DEMO-WS-01,PROCESSING
2026-02-02T14:01:59Z,DEMO-WS-01,PROCESSING
2026-02-02T14:02:00Z,DEMO-WS-01,PROCESSING
2026-02-02T14:02:01Z,DEMO-WS-01,PROCESSING
2026-02-02T14:02:02Z,DEMO-WS-01,PROCESSING
2026-02-02T14:02:03Z,DEMO-WS-01,PROCESSING
2026-02-02T14:02:04Z,DEMO-WS-01,PROCESSING
2026-02-02T14:02:05Z,DEMO-WS-01,PROCESSING
2026-02-02T14:02:06Z,DEMO-WS-01,PROCESSING
2026-02-02T14:02:07Z,DEMO-WS-01,PROCESSING
2026-02-02T14:02:08Z,DEMO-WS-01,PROCESSING
2026-02-02T14:02:09Z,DEMO-WS-01,PROCESSING
2026-02-02T14:02:10Z,DEMO-WS-01,PROCESSING
2026-02-02T14:02:11Z,DEMO-WS-01,PROCESSING
2026-02-02T14:02:12Z,DEMO-WS-01,PROCESSING
2026-02-02T14:02:13Z,DEMO-WS-01,PROCESSING
2026-02-02T14:02:14Z,DEMO-WS-01,PROCESSING
2026-02-02T14:02:15Z,DEMO-WS-01,PROCESSING
2026-02-02T14:02:16Z,DEMO-WS-01,PROCESSING
2026-02-02T14:02:17Z,DEMO-WS-01,PROCESSING
2026-02-02T14:02:18Z,DEMO-WS-01,PROCESSING
2026-02-02T14:02:19Z,DEMO-WS-01,PROCESSING
2026-02-02T14:02:20Z,DEMO-WS-01,PROCESSING
2026-02-02T14:02:21Z,DEMO-WS-01,PROCESSING
2026-02-02T14:02:22Z,DEMO-WS-01,PROCESSING
2026-02-02T14:02:23Z,DEMO-WS-01,PROCESSING
2026-02-02T14:02:24Z,DEMO-WS-01,PROCESSING
2026-02-02T14:02:25Z,DEMO-WS-01,PROCESSING
2026-02-02T14:02:26Z,DEMO-WS-01,PROCESSING
2026-02-02T14:02:27Z,DEMO-WS-01,PROCESSING
2026-02-02T14:02:28Z,DEMO-WS-01,PROCESSING
2026-02-02T14:02:29Z,DEMO-WS-01,PROCESSING
2026-02-02T14:02:30Z,DEMO-WS-01,PROCESSING
2026-02-02T14:02:31Z,DEMO-WS-01,PROCESSING
2026-02-02T14:02:32Z,DEMO-WS-01,PROCESSING
2026-02-02T14:02:33Z,DEMO-WS-01,PROCESSING
2026-02-02T14:02:34Z,DEMO-WS-01,PROCESSING
2026-02-02T14:02:35Z,DEMO-WS-01,PROCESSING
2026-02-02T14:02:36Z,DEMO-WS-01,PROCESSING
2026-02-02T14:02:37Z,DEMO-WS-01,PROCESSING
2026-02-02T14:02:38Z,DEMO-WS-01,PROCESSING
2026-02-02T14:02:39Z,DEMO-WS-01,PROCESSING
2026-02-02T14:02:40Z,DEMO-WS-01,PROCESSING
2026-02-02T14:02:41Z,DEMO-WS-01,PROCESSING
2026-02-02T14:02:42Z,DEMO-WS-01,PROCESSING
2026-02-02T14:02:43Z,DEMO-WS-01,PROCESSING
2026-02-02T14:02:44Z,DEMO-WS-01,PROCESSING
2026-02-02T14:02:45Z,DEMO-WS-01,PROCESSING
2026-02-02T14:02:46Z,DEMO-WS-01,PROCESSING
2026-02-02T14:02:47Z,DEMO-WS-01,PROCESSING
2026-02-02T14:02:48Z,DEMO-WS-01,PROCESSING
2026-02-02T14:02:49Z,DEMO-WS-01,PROCESSING
2026-02-02T14:02:50Z,DEMO-WS-01,PROCESSING
2026-02-02T14:02:51Z,DEMO-WS-01,PROCESSING
2026-02-02T14:02:52Z,DEMO-WS-01,PROCESSING
2026-02-02T14:02:53Z,DEMO-WS-01,PROCESSING
2026-02-02T14:02:54Z,DEMO-WS-01,PROCESSING
2026-02-02T14:02:55Z,DEMO-WS-01,PROCESSING
2026-02-02T14:02:56Z,DEMO-WS-01,PROCESSING
2026-02-02T14:02:57Z,DEMO-WS-01,PROCESSING
2026-02-02T14:02:58Z,DEMO-WS-01,PROCESSING
2026-02-02T14:02:59Z,DEMO-WS-01,PROCESSING
2026-02-02T14:03:00Z,DEMO-WS-01,PROCESSING
2026-02-02T14:03:01Z,DEMO-WS-01,PROCESSING
2026-02-02T14:03:02Z,DEMO-WS-01,PROCESSING
2026-02-02T14:03:03Z,DEMO-WS-01,PROCESSING
2026-02-02T14:03:04Z,DEMO-WS-01,PROCESSING
2026-02-02T14:03:05Z,DEMO-WS-01,PROCESSING
2026-02-02T14:03:06Z,DEMO-WS-01,PROCESSING
2026-02-02T14:03:07Z,DEMO-WS-01,PROCESSING
2026-02-02T14:03:08Z,DEMO-WS-01,PROCESSING
2026-02-02T14:03:09Z,DEMO-WS-01,PROCESSING
2026-02-02T14:03:10Z,DEMO-WS-01,PROCESSING
2026-02-02T14:03:11Z,DEMO-WS-01,PROCESSING
2026-02-02T14:03:12Z,DEMO-WS-01,PROCESSING
2026-02-02T14:03:13Z,DEMO-WS-01,PROCESSING
2026-02-02T14:03:14Z,DEMO-WS-01,PROCESSING
2026-02-02T14:03:15Z,DEMO-WS-01,PROCESSING
2026-02-02T14:03:16Z,DEMO-WS-01,PROCESSING
2026-02-02T14:03:17Z,DEMO-WS-01,PROCESSING
2026-02-02T14:03:18Z,DEMO-WS-01,PROCESSING
2026-02-02T14:03:19Z,DEMO-WS-01,PROCESSING
2026-02-02T14:03:20Z,DEMO-WS-01,PROCESSING
2026-02-02T14:03:21Z,DEMO-WS-01,PROCESSING
2026-02-02T14:03:22Z,DEMO-WS-01,PROCESSING
2026-02-02T14:03:23Z,DEMO-WS-01,PROCESSING
2026-02-02T14:03:24Z,DEMO-WS-01,PROCESSING
2026-02-02T14:03:25Z,DEMO-WS-01,PROCESSING
2026-02-02T14:03:26Z,DEMO-WS-01,PROCESSING
2026-02-02T14:03:27Z,DEMO-WS-01,PROCESSING
2026-02-02T14:03:28Z,DEMO-WS-01,PROCESSING
2026-02-02T14:03:29Z,DEMO-WS-01,PROCESSING
2026-02-02T14:03:30Z,DEMO-WS-01,PROCESSING
2026-02-02T14:03:31Z,DEMO-WS-01,PROCESSING
2026-02-02T14:03:32Z,DEMO-WS-01,PROCESSING
2026-02-02T14:03:33Z,DEMO-WS-01,PROCESSING
2026-02-02T14:03:34Z,DEMO-WS-01,PROCESSING
2026-02-02T14:03:35Z,DEMO-WS-01,PROCESSING
2026-02-02T14:03:36Z,DEMO-WS-01,PROCESSING
2026-02-02T14:03:37Z,DEMO-WS-01,PROCESSING
2026-02-02T14:03:38Z,DEMO-WS-01,PROCESSING
2026-02-02T14:03:39Z,DEMO-WS-01,PROCESSING
2026-02-02T14:03:40Z,DEMO-WS-01,PROCESSING
2026-02-02T14:03:41Z,DEMO-WS-01,PROCESSING
2026-02-02T14:03:42Z,DEMO-WS-01,PROCESSING
2026-02-02T14:03:43Z,DEMO-WS-01,PROCESSING
2026-02-02T14:03:44Z,DEMO-WS-01,PROCESSING
2026-02-02T14:03:45Z,DEMO-WS-01,PROCESSING
2026-02-02T14:03:46Z,DEMO-WS-01,PROCESSING
2026-02-02T14:03:47Z,DEMO-WS-01,PROCESSING
2026-02-02T14:03:48Z,DEMO-WS-01,PROCESSING
2026-02-02T14:03:49Z,DEMO-WS-01,PROCESSING
2026-02-02T14:03:50Z,DEMO-WS-01,PROCESSING
2026-02-02T14:03:51Z,DEMO-WS-01,PROCESSING
2026-02-02T14:03:52Z,DEMO-WS-01,PROCESSING
2026-02-02T14:03:53Z,DEMO-WS-01,PROCESSING
2026-02-02T14:03:54Z,DEMO-WS-01,PROCESSING
2026-02-02T14:03:55Z,DEMO-WS-01,PROCESSING
2026-02-02T14:03:56Z,DEMO-WS-01,PROCESSING
2026-02-02T14:03:57Z,DEMO-WS-01,PROCESSING
2026-02-02T14:03:58Z,DEMO-WS-01,PROCESSING
2026-02-02T14:03:59Z,DEMO-WS-01,PROCESSING
2026-02-02T14:04:00Z,DEMO-WS-01,PROCESSING
2026-02-02T14:04:01Z,DEMO-WS-01,PROCESSING
2026-02-02T14:04:02Z,DEMO-WS-01,PROCESSING
2026-02-02T14:04:03Z,DEMO-WS-01,PROCESSING
2026-02-02T14:04:04Z,DEMO-WS-01,PROCESSING
2026-02-02T14:04:05Z,DEMO-WS-01,PROCESSING
2026-02-02T14:04:06Z,DEMO-WS-01,PROCESSING
2026-02-02T14:04:07Z,DEMO-WS-01,PROCESSING
2026-02-02T14:04:08Z,DEMO-WS-01,PROCESSING
2026-02-02T14:04:09Z,DEMO-WS-01,PROCESSING
2026-02-02T14:04:10Z,DEMO-WS-01,PROCESSING
